<?xml version="1.0" encoding="UTF-8"?>
<config xmlns="http://www.knime.org/2008/09/XMLConfig" xmlns:xsi="http://www.w3.org/2001/XMLSchema-instance" xsi:schemaLocation="http://www.knime.org/2008/09/XMLConfig http://www.knime.org/XMLConfig_2008_09.xsd" key="model.xml">
<entry key="version" type="xint" value="1"/>
<entry key="class_name" type="xstring" value="org.knime.base.algorithms.outlier.NumericOutliersPortObject"/>
<config key="model">
<entry key="summary" type="xstring" value="Outlier treatment for columns: &quot;ssc_p&quot;, &quot;hsc_p&quot;, &quot;degree_p&quot;,  ... &lt;3 more&gt;"/>
<config key="group-col-types">
<entry key="array-size" type="xint" value="0"/>
</config>
<config key="outlier-treatment">
<entry key="outlier-treatment" type="xstring" value="Replace outlier values"/>
<entry key="replacement-strategy" type="xstring" value="Missing values"/>
<entry key="detection-option" type="xstring" value="All outliers"/>
<entry key="update-domain" type="xboolean" value="false"/>
</config>
<config key="permitted intervals">
<config key="groups">
<entry key="array-size" type="xint" value="0"/>
</config>
<config key="outliers">
<entry key="array-size" type="xint" value="6"/>
<entry key="0" type="xstring" value="ssc_p"/>
<entry key="1" type="xstring" value="hsc_p"/>
<entry key="2" type="xstring" value="degree_p"/>
<entry key="3" type="xstring" value="etest_p"/>
<entry key="4" type="xstring" value="mba_p"/>
<entry key="5" type="xstring" value="salary"/>
</config>
<config key="data">
<config key="row0">
<config key="key">
<config key="group-key">
<entry key="array-size" type="xint" value="0"/>
</config>
</config>
<config key="interval-columns">
<config key="interval0">
<entry key="outlier" type="xstring" value="mba_p"/>
<config key="interval">
<entry key="array-size" type="xint" value="2"/>
<entry key="0" type="xdouble" value="45.32374999999999"/>
<entry key="1" type="xdouble" value="78.79375000000002"/>
</config>
</config>
<config key="interval1">
<entry key="outlier" type="xstring" value="etest_p"/>
<config key="interval">
<entry key="array-size" type="xint" value="2"/>
<entry key="0" type="xdouble" value="25.125"/>
<entry key="1" type="xdouble" value="118.125"/>
</config>
</config>
<config key="interval2">
<entry key="outlier" type="xstring" value="hsc_p"/>
<config key="interval">
<entry key="array-size" type="xint" value="2"/>
<entry key="0" type="xdouble" value="42.312499999999986"/>
<entry key="1" type="xdouble" value="91.41250000000001"/>
</config>
</config>
<config key="interval3">
<entry key="outlier" type="xstring" value="salary"/>
<config key="interval">
<entry key="array-size" type="xint" value="2"/>
<entry key="0" type="xdouble" value="150000.0"/>
<entry key="1" type="xdouble" value="390000.0"/>
</config>
</config>
<config key="interval4">
<entry key="outlier" type="xstring" value="ssc_p"/>
<config key="interval">
<entry key="array-size" type="xint" value="2"/>
<entry key="0" type="xdouble" value="37.56874999999999"/>
<entry key="1" type="xdouble" value="98.33875000000003"/>
</config>
</config>
<config key="interval5">
<entry key="outlier" type="xstring" value="degree_p"/>
<config key="interval">
<entry key="array-size" type="xint" value="2"/>
<entry key="0" type="xdouble" value="44.5"/>
<entry key="1" type="xdouble" value="88.5"/>
</config>
</config>
</config>
</config>
</config>
</config>
</config>
</config>
