<?xml version="1.0" encoding="UTF-8"?>
<config xmlns="http://www.knime.org/2008/09/XMLConfig" xmlns:xsi="http://www.w3.org/2001/XMLSchema-instance" xsi:schemaLocation="http://www.knime.org/2008/09/XMLConfig http://www.knime.org/XMLConfig_2008_09.xsd" key="MiningSchema">
<config key="learning">
<entry key="array-size" type="xint" value="13"/>
<entry key="0" type="xstring" value="gender"/>
<entry key="1" type="xstring" value="ssc_p"/>
<entry key="2" type="xstring" value="ssc_b"/>
<entry key="3" type="xstring" value="hsc_p"/>
<entry key="4" type="xstring" value="hsc_b"/>
<entry key="5" type="xstring" value="hsc_s"/>
<entry key="6" type="xstring" value="degree_p"/>
<entry key="7" type="xstring" value="degree_t"/>
<entry key="8" type="xstring" value="workex"/>
<entry key="9" type="xstring" value="etest_p"/>
<entry key="10" type="xstring" value="specialisation"/>
<entry key="11" type="xstring" value="mba_p"/>
<entry key="12" type="xstring" value="status"/>
</config>
<config key="target">
<entry key="array-size" type="xint" value="1"/>
<entry key="0" type="xstring" value="salary"/>
</config>
</config>
